url,keywords,analysis
https://www.wordstream.com/keywords,[],
https://ads.google.com/home/tools/keyword-planner/,[],
https://keywordtool.io/,[],
https://blog.hubspot.com/marketing/how-to-do-keyword-research-ht,[],
https://support.google.com/google-ads/answer/7337243?hl=en,[],
https://moz.com/explorer,[],
https://mailchimp.com/en-ca/resources/how-to-do-keyword-research/,[],
https://en.wikipedia.org/wiki/Keyword_research,[],
https://www.wordtracker.com/,[],
https://zapier.com/blog/best-keyword-research-tool/,[],
https://neilpatel.com/blog/keyword-research/,[],
https://www.searchenginejournal.com/keyword-research/,[],
https://chrome.google.com/webstore/detail/keyword-surfer/bafijghppfhdpldihckdcadbcobikaca?hl=en,[],
https://blog.google/,[],
https://www.keyword.io/,[],
https://www.similarweb.com/corp/marketing/keyword-research/,[],
https://www.similarweb.com/corp/marketing/keyword-research/,[],
https://developers.google.com/search/docs/essentials/spam-policies,[],
https://www.wordstream.com/keywords,[],
https://ads.google.com/home/tools/keyword-planner/,[],
https://keywordtool.io/,[],
https://blog.hubspot.com/marketing/how-to-do-keyword-research-ht,[],
https://support.google.com/google-ads/answer/7337243?hl=en,[],
https://moz.com/explorer,[],
https://en.wikipedia.org/wiki/Keyword_research,[],
https://en.wikipedia.org/wiki/Keyword_research,[],
https://www.wordtracker.com/,[],
https://zapier.com/blog/best-keyword-research-tool/,[],
https://moz.com/learn/seo/what-are-keywords,[],
https://neilpatel.com/blog/keyword-research/,[],
https://chrome.google.com/webstore/detail/keyword-surfer/bafijghppfhdpldihckdcadbcobikaca?hl=en,[],
https://ads.google.com/home/tools/keyword-planner/,"['Google Ads', 'Keyword Planner', 'right customers', 'ad']",
https://www.wordstream.com/keywords,"['Discover', 'new', 'performance data', 'site content', 'Google Ads', 'campaigns', 'keyword', 'website URL', 'relevant keyword results', 'industry', 'location', 'accurate', 'volume', 'cost per click', 'target', 'maximize', 'marketing budget']",
https://keywordtool.io/,"['free version', 'Keyword Tool', 'generate', 'long-tail keyword suggestions', 'search term', 'Keyword Planner', 'Keyword Tool', 'reliable', '99.99%', 'Keyword Tool', 'Free', 'Account', 'business owner', 'online marketer', 'content creator', 'website', 'content', 'products', 'services', 'potential customers', 'readers', 'Google', 'create content']",
https://support.google.com/google-ads/answer/7337243?hl=en,"['market changes', 'weekly', 'monthly', 'quarterly', 'stabilize', 'Keyword Planner', 'forecasts', 'refreshed', 'daily', '7-10 days', 'adjusted', 'seasonality', 'market changes', 'seasonal model', 'current market conditions', 'Keyword Planner', 'research', 'keywords', 'Search', 'campaigns', 'free tool', 'discover', 'business', 'searches', 'cost', 'target', 'Keyword Planner', 'Search campaigns', 'in-depth keyword research']",
https://www.semrush.com/analytics/keywordmagic/start,"['browser', 'out of date', 'site', 'displayed', 'update']",
https://blog.hubspot.com/marketing/how-to-do-keyword-research-ht,"['Marketing', 'Content', 'Grow', 'Audience', 'best practices', 'sell smarter', 'examples', 'Expert', 'Build', 'Customer-First', 'Organization', 'tips', 'tutorials', 'build', 'websites']",
https://moz.com/explorer,"['SEO', 'keyword research', 'link building', 'site audits', 'page optimization', 'rank tracking', 'reporting', 'local SEO', 'visibility', 'directory distribution', 'review management', 'listing updates', 'SERP tracking', 'analytics', 'SEO experts', 'STAT', 'competitive', 'agile', 'fresh insights', 'SEO', 'link metrics', 'trillions of links', 'Gain', 'intel', 'SERP', 'competitors', 'keyword gaps', 'content opportunities']",
https://www.wordtracker.com/,[],
https://zapier.com/blog/best-keyword-research-tool/,"['keyword research', 'tools', 'beginner-focused', 'advanced', 'basic', 'unhelpful', 'valuable']",
https://moz.com/beginners-guide-to-seo/keyword-research,"['SEO', 'keyword research', 'link building', 'site audits', 'page optimization', 'rank tracking', 'reporting', 'local SEO', 'visibility', 'directory distribution', 'review management', 'listing updates', 'SERP tracking', 'analytics', 'SEO experts', 'STAT', 'competitive', 'agile', 'fresh insights', 'SEO', 'link metrics', 'index', 'trillions of links', 'Gain', 'intel', 'SERP', 'competitors', 'keyword gaps', 'content opportunities']",
https://neilpatel.com/blog/keyword-research/,"['hope', 'reading', 'blog post', 'team', 'marketing', 'click', 'online activity', 'search engines', 'Google', 'Bing', 'queries', '68 percent', 'keyword research', 'online marketing', 'campaign', 'keyword research', 'target audience', 'search engines', 'rank', 'search']",
https://blog.google/,"['sustainability', 'consumer hardware products', 'services']",
https://chrome.google.com/webstore/detail/keyword-surfer/bafijghppfhdpldihckdcadbcobikaca?hl=en,[],
https://www.keyword.io/,"['PPC campaigns', 'SEO', 'article writing', 'niche evaluation', 'keyword suggestions', 'message', 'audience', 'find', 'phrases', 'people', 'information', 'products', 'services', 'searching', 'platform', 'patterns', 'sources', 'audience', 'Google', 'Longtail Keywords', 'Seed Keyword', 'Writing', 'Research', 'Content', 'Advertising Niches', 'Download', 'Text File', 'Future Reference']",
https://www.similarweb.com/corp/marketing/keyword-research/,[],
https://developers.google.com/search/docs/essentials/spam-policies,"['spam policies', 'Google web search results', 'web pages', 'images', 'videos', 'news content', 'material', 'Google Search', 'overall policies', 'spam policies', 'web search results', 'automated systems', 'human review', 'manual action', 'policy-violating', 'ranking', 'results', 'site', ""Google's spam policies"", 'search quality user report', 'scalable', 'automated solutions', 'problems', 'spam detection systems', 'policies', 'spam', 'Google', 'act', 'detect', 'cloaking', 'content', 'users', 'search engines', 'manipulate', 'search rankings', 'mislead']",
https://keywordseverywhere.com/,"['Keywords Everywhere', 'Chrome', 'Firefox', 'Monthly Search Volume', 'CPC', 'Competition Data', 'average', 'total searches', 'people', 'keyword', 'month', 'last 12 months', 'cost per click', 'CPC', 'advertisers', 'single click', 'Google Ads', 'Adwords', 'competition', 'Google', 'adwords', 'keyword']",
https://yoast.com/keyword-research-ultimate-guide/,"['cookies', 'provide', 'protect', 'improve', 'products', 'services', 'Privacy policy', 'Yoast', 'SEO', 'conference', 'experts', 'workshops', 'insights', 'keyword research', 'SEO strategy', 'SEO copywriting', 'search terms', 'audience', 'content', 'high-quality', 'findable content', 'keyword research steps']",
https://keywordseverywhere.com/,"['Keywords Everywhere', 'browser add-on', 'Chrome', 'Firefox', 'monthly search volume', 'CPC', 'competition', 'average', 'total searches', 'people', 'keyword', 'month', 'last 12 months', 'cost', 'click', 'CPC', 'advertisers', 'Google Ads', 'Adwords', 'competition', 'Google', 'adwords', 'keyword']",
https://themeisle.com/blog/best-keyword-research-tools/,"['keyword research', 'SEO', 'old blog', 'new blog', 'content strategy', 'quality keywords', 'consistent', 'quality traffic', 'keyword research tools', 'content', 'SEO Powersuite', 'keyword research', 'on-page SEO', 'off-page SEO', 'optimization', 'mobile', 'social media.', 'SEO Powersuite', 'limited free tier', 'two full-featured premium plans']",
https://mangools.com/kwfinder/,"['plan', 'expired', 'upgrade', 'Mangools SEO tools', 'keyword analysis', 'rocket science', 'low SEO difficulty', 'high search volume', 'exact search volumes', 'keyword difficulty', 'KWFinder', 'features', 'tools', 'intuitive', 'Mangools', 'subscription', '$29/month', 'great value', 'KWFinder', 'domain', 'URL', 'competitors', 'keywords', 'rank']",
https://www.keywordsstudios.com/,[],
https://www.keyword-tools.org/en/,"['landing page', 'content', 'keyword', 'optimize', 'free Keyword Research Tool', 'relevant keywords', 'keyword', 'country', 'word groups', 'phrases', 'research tool', 'clear list', 'related keywords', 'research', 'tool', 'search volume', 'CPC', 'Cost per Click', 'Google Ads', 'keywords', 'SEO', 'example', 'search', 'rank', 'keyword', 'research']",
https://help.pinterest.com/en/business/article/keyword-targeting,"['keyword targeting', 'living room furniture', 'living room decor', 'home decor ideas', 'keyword match types', 'ad group', '20,000 keywords', '25 keywords', 'best results', 'Ads Manager', 'advertisers', 'add', 'remove', 'update', 'Bulk Editor', 'modify', '20,000 keyword limit', 'control', 'searches', 'ad', 'phrase', 'exact matches', 'broad match', 'wider audience', 'negative keywords', 'exclude', 'search terms', 'ad group', 'match types', 'brackets', 'quotations', 'Ads Manager', 'Bulk editor']",
https://en.wikipedia.org/wiki/Keyword_research,"['keyword research', 'search engine optimization', 'search terms', 'queries', 'users', 'search engines', 'products', 'services', 'general information']",
https://keyword.com/,"['keyword rank tracking', 'competitor insights', 'SEOs', 'clients', 'easy', 'work', 'monthly']",
https://www.elastic.co/guide/en/elasticsearch/reference/current/keyword.html,"['family', 'field types', 'sorting', 'aggregations', 'term-level', 'queries', 'term', 'avoid', 'keyword fields', 'full-text search', 'text field type', 'mapping', 'basic keyword field', 'example', 'numeric', 'anumeric', 'integer', 'long', 'range', 'keyword', 'term', 'term-level', 'queries']",
https://www.ryrob.com/keyword-tool/,"['research', 'blog ideas', 'low competition keywords', 'monthly search volume', 'ranking difficulty', 'fix', 'patience', 'Ryan', 'April 8', '2023', '12:00 ET', 'blog', 'traffic', 'search engines', 'Google', 'Bing', 'keyword research', 'keyword ideas', 'search volume', 'keyword difficulty', 'keyword research tool', 'keyword suggestions', 'metrics', 'free keyword search', 'competing', 'entrenched websites', 'keywords', 'SEO', 'blog posts', 'outrank', 'decade', 'resources', 'fueling business', 'blog content', 'on-page SEO', 'promoting content', 'backlinks', 'authority', 'trustworthiness', 'website', 'search engines', 'Google']",
https://keywordsheeter.com/,"['change', 'refresh', 'page', 'save', 'subscription', 'purchase', 'report', 'save', 'subscription', 'purchase', 'report']",
https://mailchimp.com/en-ca/marketing-glossary/keyword/,[],
https://docs.python.org/3/library/keyword.html,"['Python', 'string', 'keyword', 'soft keyword']",
https://about.ads.microsoft.com/en-us/solutions/tools/keyword-planner,"['Microsoft Advertising', 'Reach', 'Grow', 'Business', 'Microsoft Advertising', 'Keyword Planner', 'keyword research', 'ad groups', 'keywords', 'boost campaign performance', 'keyword planner', 'historical trends', 'marketplace competition', 'bids', 'budget', 'levels', 'estimated traffic volume', 'keyword performance.']",
https://ads.google.com/home/tools/keyword-planner/,[],
https://www.wordstream.com/keywords,"['discover', 'performance data', 'site content', 'Google Ads campaigns', 'keyword', 'website URL', 'relevant', 'tailored', 'industry', 'location']",
https://keywordtool.io/,"['Free version', 'Keyword Tool', 'Long-Tail Keyword Suggestions', 'Search Term', 'Keyword Planner', 'tools', 'Keyword Tool', 'reliable', '99.99%']",
https://support.google.com/google-ads/answer/7337243?hl=en,"['market changes', 'planning', 'weekly', 'monthly', 'quarterly', 'markets stabilize', 'Keyword Planner', 'forecasts', 'refreshed daily', 'last 7-10 days', 'adjusted for seasonality', 'market changes', 'seasonal model', 'current market conditions', 'Keyword Planner', 'research', 'keywords', 'Search', 'campaigns.']",
https://www.semrush.com/analytics/keywordmagic/start,"['browser', 'out of date', 'site', 'displayed', 'update']",
https://blog.hubspot.com/marketing/how-to-do-keyword-research-ht,"['marketing', 'content', 'grow', 'audience', 'best practices', 'examples', 'sell', 'smarter', 'expert', 'build', 'customer-first', 'organization']",
https://moz.com/explorer,"['SEO', 'keyword research', 'link building', 'site audits', 'page optimization', 'rank tracking', 'reporting', 'local SEO', 'visibility', 'directory distribution', 'review management', 'listing updates', 'SERP', 'tracking', 'analytics', 'SEO', 'experts', 'STAT', 'competitive', 'agile', 'fresh', 'insights']",
https://ads.google.com/home/tools/keyword-planner/,[],
https://www.wordstream.com/keywords,"['Discover', 'new', 'performance', 'data', 'site content', 'Google Ads', 'campaigns', 'keyword', 'website URL', 'relevant keyword results', 'industry', 'location']",
https://keywordtool.io/,"['free', 'version', 'Keyword Tool', 'long-tail keyword', 'suggestions', 'search term', 'Keyword Planner', 'Keyword Tool', 'Reliable', '99.99%']",
https://support.google.com/google-ads/answer/7337243?hl=en,"['market changes', 'plan', 'weekly', 'monthly', 'quarterly', 'stabilize', 'Keyword Planner', 'forecasts', 'refreshed', 'daily', '7-10 days', 'seasonality', 'market changes', 'updated', 'seasonal model', 'current market conditions', 'Keyword Planner', 'research', 'keywords', 'Search campaigns']",
https://moz.com/explorer,"['SEO', 'keyword research', 'link building', 'site audits', 'page optimization', 'rank tracking', 'reporting', 'local SEO', 'directory distribution', 'review management', 'listing updates', 'SERP tracking', 'analytics', 'SEO', 'STAT', 'competitive', 'agile', 'fresh insights']",
https://blog.hubspot.com/marketing/how-to-do-keyword-research-ht,"['Marketing', 'Content', 'Grow', 'Audience', 'best practices', 'sell smarter', 'examples', 'customer-first', 'organization', 'expert tips']",
https://www.wordtracker.com/,[],
https://ads.google.com/home/tools/keyword-planner/,[],
https://www.wordstream.com/keywords,"['Discover', 'new', 'performance', 'data', 'site content', 'Google Ads', 'campaigns', 'keyword', 'website URL', 'relevant', 'industry', 'location']",
https://keywordtool.io/,"['Free', 'Keyword Tool', '750', 'Long-Tail', 'Suggestions', 'Search Term', 'Keyword Planner', 'Keyword Tool', 'Reliable', '99.99%']",
https://support.google.com/google-ads/answer/7337243?hl=en,"['Market changes', 'planning', 'weekly', 'monthly', 'quarterly', 'markets stabilize', 'Keyword Planner', 'forecasts', 'refreshed daily', '7â€“10 days', 'seasonality', 'market changes', 'seasonal model', 'current market conditions', 'Keyword Planner', 'research', 'keywords', 'Search campaigns']",
https://moz.com/explorer,"['SEO', 'keyword research', 'link building', 'site audits', 'page optimization', 'rank tracking', 'reporting', 'local SEO', 'directory distribution', 'review management', 'listing updates', 'SERP tracking', 'analytics', 'SEO', 'STAT', 'competitive', 'agile', 'fresh insights']",
https://www.wordtracker.com/,[],
https://blog.hubspot.com/marketing/how-to-do-keyword-research-ht,"['marketing', 'content', 'grow', 'audience', 'best practices', 'sell', 'smarter', 'expert tips', 'build', 'customer-first organization']",
https://www.health.harvard.edu/blog/cannabidiol-cbd-what-we-know-and-what-we-dont-2018082414476,"['Nearsightedness', 'Children', 'Outdoor Time', 'children', 'neurodiverse', 'friendships', 'helping']",
https://www.mayoclinic.org/healthy-lifestyle/consumer-health/expert-answers/is-cbd-safe-and-effective/faq-20446700,"['Mayo Clinic', 'appointments', 'Arizona', 'Florida', 'Minnesota', 'Mayo Clinic Health System', 'Cannabidiol (CBD)', 'Oil', 'Anti-Seizure', 'Medication', 'Research', 'Benefits', 'Safety']",
https://www.webmd.com/vitamins/ai/ingredientmono-1439/cannabidiol-cbd,"['medications', 'liver', 'CBD', 'effects', 'side effects', 'medications', 'liver', 'CBD', 'breaks down', 'effects', 'side effects']",
https://www.healthline.com/nutrition/cbd-oil-benefits,"['Cannabidiol oil', 'CBD oil', 'natural remedy', 'ailments', 'pain relief', 'relaxation', 'mind-altering effects', 'CBD oil', 'cannabis plant', 'cannabinoid', 'Cannabis sativa']",
https://www.nytimes.com/2019/10/16/style/self-care/cbd-oil-benefits.html,[],
https://www.health.com/condition/chronic-pain/what-is-cbd,"['cannabis', 'health', 'benefits', 'Emily Dashiell', 'ND', 'naturopathic medicine', 'private practice', 'women', 'children', 'families', 'preventative health', 'health maintenance', 'Cannabidiol', 'CBD', 'Legit', 'Health Benefits', 'Legal']",
https://www.forbes.com/health/body/cbd-oil-benefits/,"['Forbes Health', 'editorial team', 'compensation', 'advertisers', 'offers', 'placements', 'products', 'market', 'affiliate links', 'articles', 'income', 'advertisers', 'recommendations', 'advice', 'editorial', 'content', 'Forbes Health', 'accuracy', 'applicability', 'representations', 'warranties.']",
https://www.ncbi.nlm.nih.gov/books/NBK556048/,"['NCBI', 'web site', 'JavaScript', 'function', 'official', 'website', 'United States', 'government', '.gov', '.mil', 'federal government', 'sensitive information']",
https://www.health.harvard.edu/blog/cannabidiol-cbd-what-we-know-and-what-we-dont-2018082414476,"['Nearsightedness', 'Children', 'Outdoor Time', 'Help', 'Helping', 'Children', 'Neurodiverse', 'Build', 'Friendships']",
https://www.mayoclinic.org/healthy-lifestyle/consumer-health/expert-answers/is-cbd-safe-and-effective/faq-20446700,"['Mayo Clinic', 'Arizona', 'Florida', 'Minnesota', 'Mayo Clinic Health System', 'prescription cannabidiol', 'CBD', 'anti-seizure medication', 'further research', 'benefits', 'safety']",
https://www.webmd.com/vitamins/ai/ingredientmono-1439/cannabidiol-cbd,"['medications', 'liver', 'CBD', 'effects', 'side effects', 'medications', 'liver', 'CBD', 'breaks down', 'effects', 'side effects']",
https://www.healthline.com/nutrition/cbd-oil-benefits,"['Cannabidiol oil', 'CBD oil', 'natural remedy', 'ailments', 'pain relief', 'relaxation', 'mind-altering effects', 'CBD oil', 'cannabis plant', 'cannabinoids', 'Cannabis sativa']",
https://www.nytimes.com/2019/10/16/style/self-care/cbd-oil-benefits.html,[],
https://www.health.com/condition/chronic-pain/what-is-cbd,"['cannabis', 'health benefits', 'questions', 'Emily Dashiell', 'ND', 'naturopathic medicine', 'private practice', 'women', 'children', 'families', 'preventative health', 'health maintenance', 'cannabidiol', 'CBD', 'products', 'legit', 'health benefits', 'legal', 'questions', 'answers']",
https://www.forbes.com/health/body/cbd-oil-benefits/,"['Forbes Health', 'reporting', 'free', 'advertisers', 'offers', 'placements', 'products', 'market', 'affiliate links', 'articles', 'income.', 'compensation', 'advertisers', 'recommendations', 'advice', 'editorial team', 'articles', 'editorial content', 'Forbes Health', 'accurate', 'up-to-date', 'information', 'representations', 'warranties', 'accuracy', 'applicability.']",
https://www.ncbi.nlm.nih.gov/books/NBK556048/,"['NCBI', 'web site', 'JavaScript', 'function', 'Official', 'United States', 'Government', 'Website', '.gov', '.mil', 'federal government', 'sensitive information']",
https://www.health.harvard.edu/blog/cannabidiol-cbd-what-we-know-and-what-we-dont-2018082414476,"['Nearsightedness', 'Children', 'Outdoor Time', 'helping', 'children', 'neurodiverse', 'build', 'friendships']",
https://www.mayoclinic.org/healthy-lifestyle/consumer-health/expert-answers/is-cbd-safe-and-effective/faq-20446700,"['Mayo Clinic', 'Arizona', 'Florida', 'Minnesota', 'Mayo Clinic Health System', 'appointments', 'Cannabidiol', 'CBD', 'Anti-Seizure', 'Research', 'Benefits', 'Safety']",
https://www.webmd.com/vitamins/ai/ingredientmono-1439/cannabidiol-cbd,"['Medications', 'Liver', 'CBD', 'Effects', 'Side Effects', 'medications', 'liver', 'CBD', 'effects', 'side effects']",
https://www.healthline.com/nutrition/cbd-oil-benefits,"['Cannabidiol oil', 'CBD oil', 'natural remedy', 'ailments', 'pain relief', 'relaxation', 'mind-altering effects', 'CBD oil', 'cannabis plant', 'cannabinoids', 'Cannabis sativa']",
https://www.nytimes.com/2019/10/16/style/self-care/cbd-oil-benefits.html,[],
https://www.health.com/condition/chronic-pain/what-is-cbd,"['cannabis', 'health benefits', 'questions', 'Emily Dashiell', 'ND', 'naturopathic medicine', 'private practice', 'women', 'children', 'families', 'preventative health', 'health maintenance', 'Cannabidiol', 'CBD', 'Use', 'Products', 'Legit', 'Health Benefits', 'Legal', 'Questions']",
https://www.forbes.com/health/body/cbd-oil-benefits/,"['Forbes Health', 'editorial team', 'reporting work', 'content', 'readers', 'compensation', 'advertisers', 'offers', 'placements', 'companies', 'products', 'market', 'articles', 'affiliate links', 'income.', 'compensation', 'advertisers', 'recommendations', 'advice', 'editorial team', 'articles', 'editorial content', 'Forbes Health', 'accurate', 'up-to-date', 'information', 'complete', 'representations', 'warranties', 'accuracy', 'applicability']",
https://www.ncbi.nlm.nih.gov/books/NBK556048/,"['NCBI', 'web site', 'JavaScript', 'function', 'official', 'website', 'United States', 'government', '.gov', '.mil', 'federal government', 'sensitive information']",
https://www.health.harvard.edu/blog/cannabidiol-cbd-what-we-know-and-what-we-dont-2018082414476,,"{'keywords': ['Nearsightedness', 'Children', 'Outdoor Time', 'helping', 'children', 'neurodiverse', 'build', 'friendships']}"
https://www.mayoclinic.org/healthy-lifestyle/consumer-health/expert-answers/is-cbd-safe-and-effective/faq-20446700,,"{'keywords': ['Mayo Clinic', 'Arizona', 'Florida', 'Minnesota', 'Mayo Clinic Health System', 'prescription cannabidiol (CBD)', 'anti-seizure medication', 'research', 'benefits', 'safety']}"
https://www.webmd.com/vitamins/ai/ingredientmono-1439/cannabidiol-cbd,,"{'keywords': ['medications', 'liver', 'CBD', 'effects', 'side effects', 'medications', 'liver', 'CBD', 'effects', 'side effects']}"
https://www.healthline.com/nutrition/cbd-oil-benefits,,"{'keywords': ['Cannabidiol oil', 'CBD oil', 'natural remedy', 'ailments', 'cannabis', 'benefits', 'pain relief', 'relaxation', 'mind-altering effects', 'CBD oil', 'cannabis plant', 'diluting', 'carrier oil', 'chemical compounds', 'cannabinoids', 'Cannabis sativa']}"
https://www.nytimes.com/2019/10/16/style/self-care/cbd-oil-benefits.html,,{'keywords': []}
https://www.health.com/condition/chronic-pain/what-is-cbd,,"{'keywords': ['cannabis', 'health benefits', 'questions', 'Emily Dashiell', 'ND', 'naturopathic medicine', 'private practice', 'women', 'children', 'families', 'preventative health', 'health maintenance', 'Cannabidiol', 'CBD', 'products', 'legit', 'health benefits', 'legal', 'questions', 'answers']}"
https://www.forbes.com/health/body/cbd-oil-benefits/,,"{'keywords': ['Forbes Health', 'editorial team', 'compensation', 'paid placements', 'advertisers', 'offers', 'products', 'market', 'affiliate links', 'income', 'compensation', 'advertisers', 'recommendations', 'advice', 'editorial team', 'articles', 'editorial content', 'Forbes Health', 'accurate', 'up-to-date', 'information', 'representations', 'warranties', 'accuracy', 'applicability']}"
https://www.ncbi.nlm.nih.gov/books/NBK556048/,,"{'keywords': ['NCBI', 'web site', 'JavaScript', 'function', 'official', 'website', 'United States', 'government', '.gov', '.mil', 'Federal government', 'websites', 'sensitive information']}"
https://www.health.harvard.edu/blog/cannabidiol-cbd-what-we-know-and-what-we-dont-2018082414476,,"{'keywords': ['Nearsightedness', 'Children', 'Outdoor Time', 'Help', 'children', 'neurodiverse', 'friendships', 'helping']}"
https://www.mayoclinic.org/healthy-lifestyle/consumer-health/expert-answers/is-cbd-safe-and-effective/faq-20446700,,"{'keywords': ['Mayo Clinic', 'Arizona', 'Florida', 'Minnesota', 'Mayo Clinic Health System', 'Cannabidiol (CBD)', 'oil', 'anti-seizure', 'medication', 'research', 'benefits', 'safety']}"
https://www.webmd.com/vitamins/ai/ingredientmono-1439/cannabidiol-cbd,,"{'keywords': ['medications', 'liver', 'CBD', 'effects', 'side effects', 'medications', 'liver', 'CBD', 'effects', 'side effects']}"
https://www.healthline.com/nutrition/cbd-oil-benefits,,"{'keywords': ['Cannabidiol oil', 'CBD oil', 'natural remedy', 'ailments', 'cannabis', 'benefits', 'pain relief', 'relaxation', 'mind-altering effects.', 'CBD oil', 'cannabis plant', 'chemical compounds', 'cannabinoids', 'Cannabis sativa']}"
https://www.nytimes.com/2019/10/16/style/self-care/cbd-oil-benefits.html,,{'keywords': []}
https://www.health.com/condition/chronic-pain/what-is-cbd,,"{'keywords': ['cannabis', 'health', 'benefits', 'Emily Dashiell', 'ND', 'naturopathic medicine', 'private practice', 'women', 'children', 'families', 'preventative health', 'health maintenance.', 'Cannabidiol', 'CBD', 'Legit', 'Health Benefits', 'Legal']}"
https://www.forbes.com/health/body/cbd-oil-benefits/,,"{'keywords': ['Forbes Health', 'editorial team', 'compensation', 'paid placements', 'advertisers', 'offers', 'products', 'affiliate links', 'income', 'compensation', 'advertisers', 'recommendations', 'advice', 'editorial team', 'articles', 'editorial content', 'Forbes Health', 'accurate', 'up-to-date', 'relevant', 'information', 'complete', 'representations', 'warranties', 'accuracy', 'applicability']}"
https://www.ncbi.nlm.nih.gov/books/NBK556048/,,"{'keywords': ['NCBI', 'web site', 'JavaScript', 'function', 'official', 'website', 'United States', 'government', '.gov', '.mil', 'sensitive information', 'federal government']}"
https://www.health.harvard.edu/blog/cannabidiol-cbd-what-we-know-and-what-we-dont-2018082414476,"['Nearsightedness', 'Children', 'Outdoor Time', 'Helping', 'Children', 'Neurodiverse', 'Build', 'Friendships']",
https://www.mayoclinic.org/healthy-lifestyle/consumer-health/expert-answers/is-cbd-safe-and-effective/faq-20446700,"['Mayo Clinic', 'Arizona', 'Florida', 'Minnesota', 'Mayo Clinic Health System', 'appointments', 'CBD', 'prescription', 'oil', 'anti-seizure', 'medication', 'research', 'benefits', 'safety']",
https://www.webmd.com/vitamins/ai/ingredientmono-1439/cannabidiol-cbd,"['medications', 'liver', 'CBD', 'quickly', 'breaks down', 'effects', 'side effects', 'medications', 'liver', 'CBD', 'effects', 'side effects']",
https://www.healthline.com/nutrition/cbd-oil-benefits,"['Cannabidiol oil', 'CBD oil', 'natural remedy', 'ailments', 'cannabis', 'benefits', 'pain relief', 'relaxation', 'mind-altering effects', 'CBD oil', 'cannabis plant', 'cannabinoids', 'Cannabis sativa']",
https://www.nytimes.com/2019/10/16/style/self-care/cbd-oil-benefits.html,[],
https://www.health.com/condition/chronic-pain/what-is-cbd,"['cannabis', 'health benefits', 'questions', 'Emily Dashiell', 'ND', 'licensed doctor of naturopathic medicine', 'private practice', 'women', 'children', 'families', 'preventative health', 'health maintenance', 'CBD', 'products', 'legit', 'health benefits', 'legal', 'questions']",
https://www.forbes.com/health/body/cbd-oil-benefits/,"['Forbes Health', 'editorial team', 'reporting work', 'compensation', 'advertisers', 'offers', 'placements', 'products', 'market', 'affiliate links', 'income', 'site', 'click', 'compensation', 'advertisers', 'recommendations', 'advice', 'editorial team', 'articles', 'editorial content', 'Forbes Health', 'accurate', 'up-to-date', 'information', 'complete', 'representations', 'warranties', 'accuracy', 'applicability']",
https://www.ncbi.nlm.nih.gov/books/NBK556048/,"['NCBI', 'web site', 'JavaScript', 'function', 'Official', 'Website', 'United States', 'Government', '.gov', '.mil', 'federal government', 'sensitive information']",
https://www.health.harvard.edu/blog/cannabidiol-cbd-what-we-know-and-what-we-dont-2018082414476,"['Nearsightedness', 'Children', 'Outdoor Time', 'children', 'neurodiverse', 'friendships', 'helping']",
https://www.mayoclinic.org/healthy-lifestyle/consumer-health/expert-answers/is-cbd-safe-and-effective/faq-20446700,"['Mayo Clinic', 'appointments', 'Arizona', 'Florida', 'Minnesota', 'Mayo Clinic Health System', 'prescription', 'cannabidiol (CBD)', 'oil', 'anti-seizure medication', 'research', 'benefits', 'safety']",
https://www.webmd.com/vitamins/ai/ingredientmono-1439/cannabidiol-cbd,"['medications', 'liver', 'CBD', 'effects', 'side effects', 'medications', 'liver', 'CBD', 'quickly', 'effects', 'side effects']",
https://www.healthline.com/nutrition/cbd-oil-benefits,"['Cannabidiol oil', 'CBD oil', 'natural remedy', 'ailments', 'pain relief', 'relaxation', 'mind-altering effects', 'CBD oil', 'cannabis plant', 'chemical compounds', 'cannabinoids', 'Cannabis sativa', 'carrier oil', 'coconut oil', 'hemp seed oil']",
https://www.nytimes.com/2019/10/16/style/self-care/cbd-oil-benefits.html,[],
https://www.health.com/condition/chronic-pain/what-is-cbd,"['cannabis', 'health benefits', 'questions', 'Emily Dashiell', 'ND', 'naturopathic medicine', 'private practice', 'women', 'children', 'families', 'preventative health', 'health maintenance', 'Cannabidiol', 'CBD', 'Products', 'Legit', 'Health Benefits', 'Legal', 'Questions', 'Answers']",
https://www.forbes.com/health/body/cbd-oil-benefits/,"['Forbes Health', 'editorial team', 'compensation', 'advertiser', 'offers', 'placements', 'products', 'affiliate links', 'income', 'Compensation', 'Advertisers', 'Recommendations', 'Advice', 'Editorial Team', 'Articles', 'Content', 'Forbes Health', 'Accurate', 'Up-to-date', 'Information', 'Relevant', 'Guarantee', 'Complete', 'Representations', 'Warranties', 'Accuracy', 'Applicability.']",
https://www.cdc.gov/marijuana/featured-topics/CBD.html,"['Cannabidiol (CBD)', 'marijuana', 'not impairing', 'high', 'CBD', 'hemp', 'cannabis sativa', 'THC', 'marijuana', 'U.S. Congress', 'Agriculture Improvement Act', 'hemp', 'federal Controlled Substances Act', 'legalizing CBD', 'state controlled substances acts', 'legality of CBD products', 'states']",
https://www.health.harvard.edu/blog/cannabidiol-cbd-what-we-know-and-what-we-dont-2018082414476,"['Nearsightedness', 'Children', 'Outdoor Time', 'Help', 'Children', 'Neurodiverse', 'Friendships', 'Helping']",
https://www.mayoclinic.org/healthy-lifestyle/consumer-health/expert-answers/is-cbd-safe-and-effective/faq-20446700,"['Mayo Clinic', 'Arizona', 'Florida', 'Minnesota', 'Mayo Clinic Health System', 'prescription', 'cannabidiol (CBD)', 'oil', 'anti-seizure', 'medication', 'research', 'benefits', 'safety']",
https://www.webmd.com/vitamins/ai/ingredientmono-1439/cannabidiol-cbd,"['medications', 'liver', 'CBD', 'effects', 'side effects', 'medications', 'liver', 'CBD', 'break down', 'effects', 'side effects']",
https://www.healthline.com/nutrition/cbd-oil-benefits,"['Cannabidiol oil', 'CBD oil', 'natural remedy', 'ailments', 'pain relief', 'relaxation', 'mind-altering effects', 'CBD oil', 'cannabis plant', 'chemical compounds', 'cannabinoids', 'Cannabis sativa']",
https://www.nytimes.com/2019/10/16/style/self-care/cbd-oil-benefits.html,[],
https://www.health.com/condition/chronic-pain/what-is-cbd,"['Cannabis', 'Product', 'Health Benefits', 'Emily Dashiell', 'ND', 'naturopathic medicine', 'private practice', 'women', 'children', 'families', 'preventative health', 'health maintenance', 'CBD', 'information', 'use', 'products', 'legit', 'health benefits', 'legal', 'answers', 'questions']",
https://www.forbes.com/health/body/cbd-oil-benefits/,"['Forbes Health', 'editorial team', 'reporting work', 'content', 'free', 'readers', 'compensation', 'advertisers', 'offers', 'placements', 'products', 'market', 'affiliate links', 'articles', 'income', 'compensation', 'advertisers', 'recommendations', 'advice', 'editorial team', 'articles', 'editorial content', 'Forbes Health', 'accurate', 'up-to-date', 'information', 'representations', 'warranties', 'accuracy', 'applicability.']",
https://www.cdc.gov/marijuana/featured-topics/CBD.html,"['Cannabidiol (CBD)', 'marijuana', 'not impairing', 'not cause high', 'CBD', 'hemp', 'cannabis sativa', 'THC', 'marijuana', 'U.S. Congress', 'Agriculture Improvement Act', 'hemp', 'federal Controlled Substances Act', 'CBD', 'legality', 'states', 'controlled substances acts']",
https://www.health.harvard.edu/blog/cannabidiol-cbd-what-we-know-and-what-we-dont-2018082414476,"['Nearsightedness', 'Children', 'Outdoor Time', 'Help', 'Helping', 'Children', 'Neurodiverse', 'Build', 'Friendships']",
https://www.mayoclinic.org/healthy-lifestyle/consumer-health/expert-answers/is-cbd-safe-and-effective/faq-20446700,"['Mayo Clinic', 'Arizona', 'Florida', 'Minnesota', 'Mayo Clinic Health System', 'Cannabidiol (CBD)', 'Prescription', 'Oil', 'Anti-Seizure', 'Medication', 'Research', 'Benefits', 'Safety']",
https://www.webmd.com/vitamins/ai/ingredientmono-1439/cannabidiol-cbd,"['Medications', 'Liver', 'CBD', 'Break Down', 'Effects', 'Side Effects', 'medications', 'liver', 'CBD', 'effects', 'side effects']",
https://www.healthline.com/nutrition/cbd-oil-benefits,"['Cannabidiol oil', 'CBD oil', 'natural remedy', 'ailments', 'pain relief', 'relaxation', 'mind-altering effects', 'CBD oil', 'cannabis plant', 'cannabinoids', 'Cannabis sativa']",
https://www.nytimes.com/2019/10/16/style/self-care/cbd-oil-benefits.html,[],
https://www.health.com/condition/chronic-pain/what-is-cbd,"['cannabis', 'health benefits', 'questions', 'Emily Dashiell', 'ND', 'licensed', 'doctor', 'naturopathic medicine', 'private practice', 'women', 'children', 'families', 'preventative health', 'health maintenance', 'Cannabidiol (CBD)', 'Products', 'Legit', 'Health Benefits', 'Legal']",
https://www.forbes.com/health/body/cbd-oil-benefits/,"['Forbes Health', 'editorial team', 'reporting work', 'free content', 'advertisers', 'offers', 'placements', 'products', 'market', 'affiliate links', 'articles', 'generate income', 'compensation', 'advertisers', 'recommendations', 'advice', 'editorial team', 'articles', 'editorial content', 'Forbes Health', 'accurate', 'up-to-date', 'relevant', 'complete', 'representations', 'warranties', 'accuracy', 'applicability']",
https://www.cdc.gov/marijuana/featured-topics/CBD.html,"['Cannabidiol', 'CBD', 'marijuana', 'impairing', 'high', 'CBD', 'hemp', 'cannabis sativa', 'THC', 'marijuana', 'U.S. Congress', 'Agriculture Improvement Act', 'hemp', 'federal Controlled Substances Act', 'legalizing CBD', ""state's controlled substances acts"", 'legality of CBD products', 'states']",
https://www.health.harvard.edu/blog/cannabidiol-cbd-what-we-know-and-what-we-dont-2018082414476,"['Nearsightedness', 'Children', 'Outdoor Time', 'helping', 'children', 'neurodiverse', 'build', 'friendships']",
https://www.mayoclinic.org/healthy-lifestyle/consumer-health/expert-answers/is-cbd-safe-and-effective/faq-20446700,"['Mayo Clinic', 'Arizona', 'Florida', 'Minnesota', 'Mayo Clinic Health System', 'CBD', 'prescription', 'anti-seizure', 'medication', 'research', 'benefits', 'safety']",
https://www.webmd.com/vitamins/ai/ingredientmono-1439/cannabidiol-cbd,"['medications', 'liver', 'CBD', 'break down', 'effects', 'side effects', 'medications', 'liver', 'CBD', 'effects', 'side effects']",
https://www.healthline.com/nutrition/cbd-oil-benefits,"['Cannabidiol oil', 'CBD oil', 'natural remedy', 'ailments', 'pain relief', 'relaxation', 'mind-altering effects', 'CBD oil', 'cannabis plant', 'carrier oil', 'coconut oil', 'hemp seed oil', 'chemical compounds', 'cannabinoids', 'Cannabis sativa']",
https://www.nytimes.com/2019/10/16/style/self-care/cbd-oil-benefits.html,[],
https://www.health.com/condition/chronic-pain/what-is-cbd,"['cannabis', 'health benefits', 'questions', 'Emily Dashiell', 'ND', 'naturopathic medicine', 'private practice', 'women', 'children', 'families', 'preventative health', 'health maintenance', 'cannabidiol', 'CBD', 'legit', 'health benefits', 'legal', 'questions', 'answers']",
https://www.forbes.com/health/body/cbd-oil-benefits/,"['Forbes Health', 'editorial team', 'reporting work', 'content', 'free', 'readers', 'advertisers', 'offers', 'placements', 'products', 'market', 'affiliate links', 'articles', 'income', 'compensation', 'advertisers', 'recommendations', 'advice', 'editorial team', 'articles', 'editorial content', 'Forbes Health', 'accurate', 'up-to-date', 'information', 'complete', 'representations', 'warranties', 'accuracy', 'applicability']",
https://www.cdc.gov/marijuana/featured-topics/CBD.html,"['Cannabidiol', 'CBD', 'marijuana', 'not impairing', 'not cause high', 'CBD', 'hemp', 'cannabis sativa', 'THC', 'marijuana', 'U.S. Congress', 'Agriculture Improvement Act', 'hemp', 'federal Controlled Substances Act', 'CBD', 'legality', 'states', 'controlled substances acts']",
https://www.health.harvard.edu/blog/cannabidiol-cbd-what-we-know-and-what-we-dont-2018082414476,"['Nearsightedness', 'Children', 'Outdoor Time', 'Helping', 'Children', 'Neurodiverse', 'Build', 'Friendships']",
https://www.mayoclinic.org/healthy-lifestyle/consumer-health/expert-answers/is-cbd-safe-and-effective/faq-20446700,"['Mayo Clinic', 'Arizona', 'Florida', 'Minnesota', 'Mayo Clinic Health System', 'prescription', 'cannabidiol', 'CBD', 'oil', 'anti-seizure', 'medication', 'research', 'benefits', 'safety']",
https://www.webmd.com/vitamins/ai/ingredientmono-1439/cannabidiol-cbd,"['medications', 'liver', 'CBD', 'break down', 'effects', 'side effects', 'Medications', 'Liver', 'CBD', 'Effects', 'Side Effects']",
https://www.healthline.com/nutrition/cbd-oil-benefits,"['Cannabidiol oil', 'CBD oil', 'natural remedy', 'ailments', 'pain relief', 'relaxation', 'mind-altering effects', 'CBD oil', 'cannabis plant', 'cannabinoids', 'Cannabis sativa']",
https://www.nytimes.com/2019/10/16/style/self-care/cbd-oil-benefits.html,[],
https://www.health.com/condition/chronic-pain/what-is-cbd,"['cannabis', 'health benefits', 'questions', 'Emily Dashiell', 'ND', 'naturopathic medicine', 'private practice', 'women', 'children', 'families', 'preventative health', 'health maintenance', 'cannabidiol', 'CBD', 'use', 'products', 'legit', 'health benefits', 'legal', 'questions', 'answers']",
https://www.forbes.com/health/body/cbd-oil-benefits/,"['Forbes Health', 'editorial team', 'reporting work', 'compensation', 'advertisers', 'offers', 'placements', 'products', 'market', 'affiliate links', 'articles', 'income', 'compensation', 'advertisers', 'recommendations', 'advice', 'editorial team', 'articles', 'editorial content', 'Forbes Health', 'accurate', 'up-to-date information', 'relevant', 'complete', 'representations', 'warranties', 'accuracy', 'applicability']",
https://www.cdc.gov/marijuana/featured-topics/CBD.html,"['Cannabidiol (CBD)', 'marijuana', 'not impairing', 'no high', 'CBD', 'hemp', 'cannabis sativa', 'THC', 'marijuana', 'U.S. Congress', 'Agriculture Improvement Act', 'hemp', 'federal Controlled Substances Act', 'CBD', 'legality', 'states', 'controlled substances acts.']",
https://www.health.harvard.edu/blog/cannabidiol-cbd-what-we-know-and-what-we-dont-2018082414476,"['Nearsightedness', 'Children', 'Outdoor Time', 'Help', 'children', 'neurodiverse', 'friendships', 'helping']",
https://www.mayoclinic.org/healthy-lifestyle/consumer-health/expert-answers/is-cbd-safe-and-effective/faq-20446700,"['Mayo Clinic', 'Arizona', 'Florida', 'Minnesota', 'Mayo Clinic Health System', 'prescription', 'cannabidiol (CBD)', 'oil', 'anti-seizure', 'medication', 'further research', 'benefits', 'safety']",
https://www.webmd.com/vitamins/ai/ingredientmono-1439/cannabidiol-cbd,"['medications', 'liver', 'CBD', 'effects', 'side effects', 'medications', 'liver', 'CBD', 'effects', 'side effects']",
https://www.healthline.com/nutrition/cbd-oil-benefits,"['Cannabidiol oil', 'CBD oil', 'cannabis', 'pain relief', 'relaxation', 'mind-altering effects', 'CBD oil', 'cannabis plant', 'diluting', 'carrier oil', 'coconut oil', 'hemp seed oil', 'chemical compounds', 'cannabinoids', 'Cannabis sativa']",
https://www.nytimes.com/2019/10/16/style/self-care/cbd-oil-benefits.html,[],
https://www.health.com/condition/chronic-pain/what-is-cbd,"['cannabis', 'product', 'health', 'benefits', 'Emily Dashiell', 'ND', 'Naturopathic Medicine', 'Private Practice', 'Women', 'Children', 'Families', 'Preventative Health', 'Health Maintenance', 'Cannabidiol', 'CBD', 'Products', 'Legit', 'Health Benefits', 'Legal']",
https://www.cdc.gov/marijuana/featured-topics/CBD.html,"['Cannabidiol', 'CBD', 'marijuana', 'impairing', 'high', 'CBD', 'hemp', 'cannabis sativa', 'THC', 'marijuana', 'U.S. Congress', 'Agriculture Improvement Act', 'hemp', 'federal Controlled Substances Act', 'legalizing CBD', ""state's controlled substances acts"", 'legality', 'CBD products', 'states.']",
https://www.forbes.com/health/body/cbd-oil-benefits/,"['Forbes Health', 'editorial team', 'compensation', 'paid placements', 'advertisers', 'offers', 'products', 'market', 'affiliate links', 'articles', 'generate income', 'compensation', 'advertisers', 'recommendations', 'advice', 'editorial team', 'articles', 'editorial content', 'Forbes Health', 'accuracy', 'applicability', 'representations', 'warranties', 'connection.']",
https://www.health.harvard.edu/blog/cannabidiol-cbd-what-we-know-and-what-we-dont-2018082414476,"['Nearsightedness', 'Children', 'Outdoor Time', 'Help', 'children', 'neurodiverse', 'friendships', 'helping']",
https://www.mayoclinic.org/healthy-lifestyle/consumer-health/expert-answers/is-cbd-safe-and-effective/faq-20446700,"['Mayo Clinic', 'Arizona', 'Florida', 'Minnesota', 'Mayo Clinic Health System', 'Cannabidiol (CBD)', 'Oil', 'Anti-Seizure', 'Medication', 'Research', 'Benefits', 'Safety']",
https://www.webmd.com/vitamins/ai/ingredientmono-1439/cannabidiol-cbd,"['medications', 'liver', 'CBD', 'breaks down', 'effects', 'side effects', 'medications', 'liver', 'CBD', 'effects', 'side effects']",
https://www.healthline.com/nutrition/cbd-oil-benefits,"['Cannabidiol oil', 'CBD oil', 'natural remedy', 'ailments', 'pain relief', 'relaxation', 'mind-altering effects', 'CBD oil', 'cannabis plant', 'cannabinoid', 'Cannabis sativa']",
https://www.nytimes.com/2019/10/16/style/self-care/cbd-oil-benefits.html,[],
https://www.health.com/condition/chronic-pain/what-is-cbd,"['cannabis', 'health benefits', 'questions', 'Emily Dashiell', 'ND', 'naturopathic medicine', 'private practice', 'women', 'children', 'families', 'preventative health', 'health maintenance', 'Cannabidiol', 'CBD', 'Legit', 'Health Benefits', 'Legal']",
https://www.forbes.com/health/body/cbd-oil-benefits/,"['Forbes Health', 'reporting', 'free', 'compensation', 'advertisers', 'offers', 'placements', 'products', 'market', 'affiliate links', 'income', 'compensation', 'advertisers', 'recommendations', 'advice', 'editorial team', 'articles', 'editorial content', 'Forbes Health', 'accurate', 'up-to-date', 'relevant', 'information', 'complete', 'representations', 'warranties', 'accuracy', 'applicability.']",
https://www.cdc.gov/marijuana/featured-topics/CBD.html,"['Cannabidiol', 'CBD', 'marijuana', 'impairing', 'high.', 'CBD', 'hemp', 'cannabis sativa', 'THC', 'marijuana', 'U.S. Congress', 'Agriculture Improvement Act', 'hemp', 'federal Controlled Substances Act', 'CBD', 'legality', 'states', 'controlled substances acts']",
https://www.health.harvard.edu/blog/cannabidiol-cbd-what-we-know-and-what-we-dont-2018082414476,"['Nearsightedness', 'Children', 'Outdoor Time', 'Help', 'neurodiverse', 'children', 'friendships', 'helping']",
https://www.mayoclinic.org/healthy-lifestyle/consumer-health/expert-answers/is-cbd-safe-and-effective/faq-20446700,"['Mayo Clinic', 'Arizona', 'Florida', 'Minnesota', 'Mayo Clinic Health System', 'appointments', 'prescription', 'cannabidiol', 'CBD', 'oil', 'anti-seizure', 'medication', 'research', 'benefits', 'safety']",
https://www.webmd.com/vitamins/ai/ingredientmono-1439/cannabidiol-cbd,"['medications', 'liver', 'CBD', 'effects', 'side effects', 'medications', 'liver', 'CBD', 'effects', 'side effects']",
https://www.healthline.com/nutrition/cbd-oil-benefits,"['Cannabidiol oil', 'CBD oil', 'natural remedy', 'ailments', 'pain relief', 'relaxation', 'mind-altering effects', 'CBD oil', 'cannabis plant', 'chemical compounds', 'cannabinoids', 'Cannabis sativa', 'carrier oil', 'coconut oil', 'hemp seed oil']",
https://www.nytimes.com/2019/10/16/style/self-care/cbd-oil-benefits.html,[],
https://www.health.com/condition/chronic-pain/what-is-cbd,"['cannabis', 'product', 'health', 'benefits', 'Emily Dashiell', 'ND', 'licensed doctor', 'naturopathic medicine', 'private practice', 'women', 'children', 'families', 'preventative health', 'health maintenance', 'cannabidiol', 'CBD', 'products', 'legit', 'health benefits', 'legal', 'questions']",
https://www.forbes.com/health/body/cbd-oil-benefits/,"['Forbes Health', 'editorial team', 'reporting work', 'free', 'advertisers', 'placements', 'offers', 'products', 'market', 'affiliate links', 'articles', 'income', 'compensation', 'advertisers', 'recommendations', 'advice', 'editorial team', 'articles', 'content', 'Forbes Health', 'accurate', 'up-to-date', 'relevant', 'information', 'complete', 'representations', 'warranties', 'accuracy', 'applicability']",
https://www.cdc.gov/marijuana/featured-topics/CBD.html,"['Cannabidiol', 'CBD', 'marijuana', 'impairing', 'high', 'CBD', 'hemp', 'cannabis sativa', 'THC', 'marijuana', 'U.S. Congress', 'Agriculture Improvement Act', 'hemp', 'federal Controlled Substances Act', 'legalizing CBD', ""state's controlled substances acts"", 'legality of CBD products']",
https://www.health.harvard.edu/blog/cannabidiol-cbd-what-we-know-and-what-we-dont-2018082414476,"['Nearsightedness', 'Children', 'Outdoor Time', 'Help', 'neurodiverse', 'children', 'friendships', 'helping']",
https://www.mayoclinic.org/healthy-lifestyle/consumer-health/expert-answers/is-cbd-safe-and-effective/faq-20446700,"['Mayo Clinic', 'appointments', 'Arizona', 'Florida', 'Minnesota', 'Mayo Clinic Health System', 'Cannabidiol (CBD)', 'oil', 'anti-seizure medication', 'research', 'benefits', 'safety']",
https://www.webmd.com/vitamins/ai/ingredientmono-1439/cannabidiol-cbd,"['medications', 'liver', 'CBD', 'effects', 'side effects', 'medications', 'liver', 'CBD', 'quickly', 'breaks down', 'effects', 'side effects']",
https://www.healthline.com/nutrition/cbd-oil-benefits,"['Cannabidiol oil', 'CBD oil', 'natural remedy', 'ailments', 'pain relief', 'relaxation', 'mind-altering effects', 'CBD Oil', 'Cannabis Plant', 'Carrier Oil', 'Coconut Oil', 'Hemp Seed Oil', 'Cannabinoids', 'Cannabis Sativa']",
https://www.nytimes.com/2019/10/16/style/self-care/cbd-oil-benefits.html,[],
https://www.health.com/condition/chronic-pain/what-is-cbd,"['cannabis', 'health benefits', 'questions', 'Emily Dashiell', 'ND', 'naturopathic medicine', 'private practice', 'women', 'children', 'families', 'preventative health', 'health maintenance', 'Cannabidiol', 'CBD', 'Legit', 'Health Benefits', 'Legal']",
https://www.forbes.com/health/body/cbd-oil-benefits/,"['Forbes Health', 'advertising', 'compensation', 'paid placements', 'advertisers', 'offers', 'products', 'market', 'affiliate links', 'articles', 'income', 'compensation', 'advertisers', 'recommendations', 'advice', 'editorial team', 'articles', 'editorial content', 'Forbes Health', 'accurate', 'up-to-date', 'information', 'complete', 'representations', 'warranties', 'accuracy', 'applicability']",
https://www.cdc.gov/marijuana/featured-topics/CBD.html,"['Cannabidiol (CBD)', 'marijuana', 'not impairing', 'not cause a ""high""', 'CBD', 'hemp', 'cannabis sativa', 'THC', 'marijuana', 'US Congress', 'Agriculture Improvement Act', 'hemp', 'federal Controlled Substances Act', 'CBD', 'legality', 'states', 'controlled substances acts']",
https://www.health.harvard.edu/blog/cannabidiol-cbd-what-we-know-and-what-we-dont-2018082414476,"['Nearsightedness', 'Children', 'Outdoor Time', 'Help', 'Helping', 'Children', 'Neurodiverse', 'Build', 'Friendships']",
https://www.mayoclinic.org/healthy-lifestyle/consumer-health/expert-answers/is-cbd-safe-and-effective/faq-20446700,"['Mayo Clinic', 'Arizona', 'Florida', 'Minnesota', 'Mayo Clinic Health System', 'prescription', 'cannabidiol (CBD)', 'oil', 'anti-seizure', 'medication', 'research', 'benefits', 'safety']",
https://www.webmd.com/vitamins/ai/ingredientmono-1439/cannabidiol-cbd,"['medications', 'liver', 'CBD', 'effects', 'side effects', 'medications', 'liver', 'CBD', 'break down', 'effects', 'side effects']",
https://www.healthline.com/nutrition/cbd-oil-benefits,"['Cannabidiol oil', 'CBD oil', 'natural remedy', 'ailments', 'pain relief', 'relaxation', 'mind-altering effects', 'CBD oil', 'cannabis plant', 'cannabinoids', 'Cannabis sativa']",
https://www.nytimes.com/2019/10/16/style/self-care/cbd-oil-benefits.html,[],
https://www.health.com/condition/chronic-pain/what-is-cbd,"['cannabis', 'product', 'health', 'benefits', 'Emily Dashiell', 'ND', 'licensed doctor', 'naturopathic medicine', 'private practice', 'women', 'children', 'families', 'preventative health', 'health maintenance', 'Cannabidiol', 'CBD', 'Use', 'Products', 'Legit', 'Health Benefits', 'Legal', 'Questions', 'Answers']",
https://www.forbes.com/health/body/cbd-oil-benefits/,"['Forbes Health', 'editorial', 'reporting', 'compensation', 'advertisers', 'offers', 'placements', 'products', 'affiliate links', 'income', 'compensation', 'advertisers', 'recommendations', 'advice', 'editorial team', 'articles', 'editorial content', 'Forbes Health', 'accurate', 'up-to-date', 'information', 'complete', 'representations', 'warranties', 'accuracy', 'applicability']",
https://www.cdc.gov/marijuana/featured-topics/CBD.html,"['Cannabidiol (CBD)', 'marijuana', 'impairing', 'high', 'CBD', 'hemp', 'cannabis sativa', 'THC', 'marijuana', 'U.S. Congress', 'Agriculture Improvement Act', 'hemp', 'federal Controlled Substances Act', 'CBD', 'legal', ""state's controlled substances acts"", 'legality', 'states']",
https://www.health.harvard.edu/blog/cannabidiol-cbd-what-we-know-and-what-we-dont-2018082414476,"['Nearsightedness', 'Children', 'Outdoor Time', 'Helping', 'Children', 'Neurodiverse', 'Build', 'Friendships']",
https://www.mayoclinic.org/healthy-lifestyle/consumer-health/expert-answers/is-cbd-safe-and-effective/faq-20446700,"['Mayo Clinic', 'Arizona', 'Florida', 'Minnesota', 'Mayo Clinic Health System', 'appointments', 'Cannabidiol (CBD)', 'Oil', 'Anti-Seizure', 'Medication', 'Research', 'Benefits', 'Safety']",
https://www.webmd.com/vitamins/ai/ingredientmono-1439/cannabidiol-cbd,"['medications', 'liver', 'CBD', 'quickly', 'effects', 'side effects', 'medications', 'liver', 'CBD', 'effects', 'side effects']",
https://www.healthline.com/nutrition/cbd-oil-benefits,"['Cannabidiol oil', 'CBD oil', 'natural remedy', 'ailments', 'pain relief', 'relaxation', 'mind-altering effects', 'CBD oil', 'cannabis plant', 'cannabinoids', 'Cannabis sativa']",
https://www.nytimes.com/2019/10/16/style/self-care/cbd-oil-benefits.html,[],
https://www.health.com/condition/chronic-pain/what-is-cbd,"['cannabis', 'product', 'health', 'benefits', 'Emily Dashiell', 'ND', 'naturopathic medicine', 'private practice', 'women', 'children', 'families', 'preventative health', 'health maintenance', 'CBD', 'use', 'legit', 'health benefits', 'legal', 'answers']",
https://www.forbes.com/health/body/cbd-oil-benefits/,"['Forbes Health', 'editorial team', 'reporting work', 'content', 'free', 'readers', 'compensation', 'advertisers', 'offers', 'placements', 'products', 'market', 'affiliate links', 'articles', 'income', 'compensation', 'advertisers', 'recommendations', 'advice', 'editorial team', 'articles', 'editorial content', 'Forbes Health', 'accurate', 'up-to-date', 'information', 'complete', 'representations', 'warranties', 'accuracy', 'applicability']",
https://www.cdc.gov/marijuana/featured-topics/CBD.html,"['Cannabidiol', 'CBD', 'marijuana', 'impairing', 'high', 'CBD', 'hemp', 'cannabis sativa', 'THC', 'marijuana', 'U.S. Congress', 'Agriculture Improvement Act', 'federal Controlled Substances Act', 'hemp', 'CBD', 'legality', 'states.']",
https://www.pornhub.com/,[],
https://en.wikipedia.org/wiki/Pornhub,[],
https://twitter.com/pornhub?lang=en,[],
https://www.axios.com/2023/04/05/new-pornhub-owner-plans-beyond-porn,[],
https://theporndude.com/566/pornhub,[],
https://www.netflix.com/tudum/articles/money-shot-pornhub-documentary-news,[],
https://www.theverge.com/2023/3/16/23643975/mindgeek-pornhub-sale-ethical-capital-partners,[],
https://www.cbc.ca/news/business/mindgeek-acquired-private-equity-firm-1.6781220,[],
https://www.health.harvard.edu/blog/cannabidiol-cbd-what-we-know-and-what-we-dont-2018082414476,[],
https://www.mayoclinic.org/healthy-lifestyle/consumer-health/expert-answers/is-cbd-safe-and-effective/faq-20446700,[],
https://www.webmd.com/vitamins/ai/ingredientmono-1439/cannabidiol-cbd,[],
https://www.healthline.com/nutrition/cbd-oil-benefits,[],
https://www.nytimes.com/2019/10/16/style/self-care/cbd-oil-benefits.html,[],
https://www.health.com/condition/chronic-pain/what-is-cbd,[],
https://www.forbes.com/health/body/cbd-oil-benefits/,[],
https://www.cdc.gov/marijuana/featured-topics/CBD.html,[],
https://www.health.harvard.edu/blog/cannabidiol-cbd-what-we-know-and-what-we-dont-2018082414476,[],
https://www.mayoclinic.org/healthy-lifestyle/consumer-health/expert-answers/is-cbd-safe-and-effective/faq-20446700,[],
https://www.webmd.com/vitamins/ai/ingredientmono-1439/cannabidiol-cbd,[],
https://www.healthline.com/nutrition/cbd-oil-benefits,[],
https://www.nytimes.com/2019/10/16/style/self-care/cbd-oil-benefits.html,[],
https://www.health.com/condition/chronic-pain/what-is-cbd,[],
https://www.forbes.com/health/body/cbd-oil-benefits/,[],
https://www.cdc.gov/marijuana/featured-topics/CBD.html,[],
https://www.leafly.ca/,[],
https://www.cdc.gov/marijuana/health-effects/index.html,[],
https://weedme.ca/,[],
https://finance.yahoo.com/quote/WEED.TO/,[],
https://www.webmd.com/mental-health/addiction/marijuana-use-and-its-effects,[],
https://money.tmx.com/en/quote/WEED,[],
https://kidshealth.org/en/teens/marijuana.html,[],
https://www.nytimes.com/2023/04/10/well/mind/weed-addiction.html,[],
https://www.talktofrank.com/drug/cannabis,[],
https://context.reverso.net/%D0%BF%D0%B5%D1%80%D0%B5%D0%B2%D0%BE%D0%B4/%D0%B0%D0%BD%D0%B3%D0%BB%D0%B8%D0%B9%D1%81%D0%BA%D0%B8%D0%B9-%D1%80%D1%83%D1%81%D1%81%D0%BA%D0%B8%D0%B9/weed,[],
https://www.nytimes.com/2023/04/10/well/mind/weed-addiction.html,[],
https://www.britannica.com/plant/weed,[],
https://dictionary.cambridge.org/dictionary/english/weed,[],
https://www.merriam-webster.com/dictionary/weed,[],
https://www.cdc.gov/marijuana/health-effects/index.html,[],
https://www.dictionary.com/browse/weed,[],
https://www.health.harvard.edu/blog/cannabidiol-cbd-what-we-know-and-what-we-dont-2018082414476,[],
https://www.mayoclinic.org/healthy-lifestyle/consumer-health/expert-answers/is-cbd-safe-and-effective/faq-20446700,[],
https://www.webmd.com/vitamins/ai/ingredientmono-1439/cannabidiol-cbd,[],
https://www.healthline.com/nutrition/cbd-oil-benefits,[],
https://www.nytimes.com/2019/10/16/style/self-care/cbd-oil-benefits.html,[],
https://www.health.com/condition/chronic-pain/what-is-cbd,[],
https://www.forbes.com/health/body/cbd-oil-benefits/,[],
https://www.ncbi.nlm.nih.gov/books/NBK556048/,[],
https://www.health.harvard.edu/blog/cannabidiol-cbd-what-we-know-and-what-we-dont-2018082414476,[],
https://www.health.harvard.edu/blog/cannabidiol-cbd-what-we-know-and-what-we-dont-2018082414476,[],
https://www.health.harvard.edu/blog/cannabidiol-cbd-what-we-know-and-what-we-dont-2018082414476,[],
https://www.health.harvard.edu/blog/cannabidiol-cbd-what-we-know-and-what-we-dont-2018082414476,"['Science', 'Inflammation', 'Silent Killer', 'Cardiovascular Disease', 'Cancer', 'Type 2 Diabetes', 'Healthy', 'Harvard Medical School', 'health', 'news', 'inbox', 'CBD', 'cannabidiol', 'cannabis', 'marijuana', 'hemp', 'laboratory', 'World Health Organization', 'abuse', 'dependence', 'public health', 'CBD', 'United States', 'legal status', 'FDA', 'regulatory requirements', 'research', 'trials', 'Farm Bill', 'hemp', 'oranges', 'orange juice', 'CBD', 'health issues', 'childhood epilepsy syndromes', 'Dravet syndrome', 'Lennox-Gastaut syndrome', 'antiseizure medications', 'seizures', 'Epidiolex', 'cannabis-derived medicine', 'FDA', 'CBD', 'nausea', 'fatigue', 'irritability', 'blood thinning', 'liver enzymes', 'Grapefruit', 'CBD', 'oils', 'extracts', 'capsules', 'patches', 'vapes', 'topical', 'inflammation', 'muscle pain', 'joint pain', 'oil', 'lotion', 'cream', 'bath bomb', 'patch', 'tincture', 'spray', 'tongue', 'bloodstream', 'CBD', 'government scrutiny', 'cancer', 'COVID-19', 'research', 'anxiety', 'insomnia', 'chronic pain', 'evidence', 'human studies', 'doses', 'unregulated supplement']",
https://www.health.harvard.edu/blog/cannabidiol-cbd-what-we-know-and-what-we-dont-2018082414476,"['Science', 'Chronic', 'Low-Grade Inflammation', 'Silent Killer', 'Cardiovascular Disease', 'Cancer', 'Type 2 Diabetes', 'Tips', 'Fight Inflammation', 'Stay Healthy', 'Harvard Medical School', 'health', 'news', 'inbox', 'CBD', 'cannabidiol', 'cannabis', 'marijuana', 'hemp plant', 'laboratory', 'World Health Organization', 'abuse', 'dependence', 'public health', 'pure CBD', 'CBD', 'United States', 'legal status', 'FDA', 'regulatory requirements', 'researchers', 'CBD trials', 'Farm Bill', 'hemp', 'oranges', 'orange juice', 'CBD', 'health issues', 'childhood epilepsy syndromes', 'Dravet syndrome', 'Lennox-Gastaut syndrome', 'antiseizure medications', 'reduce seizures', 'stop seizures', 'Epidiolex', 'cannabis-derived medicine', 'FDA', 'CBD', 'nausea', 'fatigue', 'irritability', 'blood thinning', 'liver enzymes', 'grapefruit', 'CBD', 'oils', 'extracts', 'capsules', 'patches', 'vapes', 'topical preparations', 'inflammation', 'muscle pain', 'joint pain', 'oil', 'lotion', 'cream', 'bath bomb', 'patch', 'tincture', 'spray', 'bloodstream.', 'CBD', 'government scrutiny', 'cure-all', 'cancer', 'COVID-19', 'research', 'managing anxiety', 'insomnia', 'chronic pain', 'high-quality evidence', 'human studies', 'effective doses', 'unregulated supplement']",
https://www.health.harvard.edu/blog/cannabidiol-cbd-what-we-know-and-what-we-dont-2018082414476,"['Science', 'Chronic', 'Low-Grade Inflammation', 'Silent Killer', 'Cardiovascular Disease', 'Cancer', 'Type 2 Diabetes', 'Fight Inflammation', 'Healthy', 'Harvard Medical School', 'health', 'news', 'inbox', 'CBD', 'cannabidiol', 'cannabis', 'marijuana', 'hemp', 'laboratory', 'World Health Organization', 'abuse', 'dependence', 'public health', 'pure CBD', 'CBD', 'legal status', 'United States', 'FDA', 'regulatory requirements', 'researchers', 'CBD trials', 'Farm Bill', 'hemp', 'oranges', 'orange juice', 'CBD', 'health issues', 'childhood epilepsy syndromes', 'Dravet syndrome', 'Lennox-Gastaut syndrome', 'antiseizure medications', 'reduce seizures', 'stop seizures', 'Epidiolex', 'cannabis-derived medicine', 'FDA.', 'CBD', 'nausea', 'fatigue', 'irritability', 'blood thinning', 'liver enzymes', 'Grapefruit', 'CBD', 'oils', 'extracts', 'capsules', 'patches', 'vapes', 'topical', 'inflammation', 'muscle', 'joint pain', 'oil', 'lotion', 'cream', 'bath bomb', 'patch', 'tincture', 'spray', 'tongue', 'bloodstream', 'CBD', 'government scrutiny', 'cure-all', 'cancer', 'COVID-19', 'research', 'anxiety', 'insomnia', 'chronic pain', 'high-quality evidence', 'human studies', 'unregulated supplement']",
https://www.health.harvard.edu/blog/cannabidiol-cbd-what-we-know-and-what-we-dont-2018082414476,"['health', 'news', 'inbox', 'CBD', 'cannabidiol', 'cannabis', 'marijuana', 'hemp plant', 'laboratory', 'components', '""high""', 'World Health Organization', 'abuse', 'dependence', 'public health', 'pure CBD', 'CBD', 'United States', 'legal status', '50 states', 'FDA', 'regulatory requirements', 'researchers', 'CBD trials', 'Farm Bill', 'hemp', 'oranges', 'orange juice', 'CBD', 'Dravet Syndrome', 'Lennox-Gastaut Syndrome', 'antiseizure medications', 'seizures', 'Epidiolex', 'FDA', 'cannabis-derived medicine', 'CBD', 'nausea', 'fatigue', 'irritability', 'blood thinning', 'liver enzymes', 'drugs', 'grapefruit', 'CBD', 'oils', 'extracts', 'capsules', 'patches', 'vapes', 'topical', 'inflammation', 'muscle', 'joint pain', 'oil', 'lotion', 'cream', 'bath bomb', 'tincture', 'spray', 'tongue', 'bloodstream', 'CBD', 'government scrutiny', 'cure-all', 'cancer', 'COVID-19', 'research', 'managing anxiety', 'insomnia', 'chronic pain', 'high-quality evidence', 'human studies', 'effective doses', 'unregulated supplement']",
https://www.health.harvard.edu/blog/cannabidiol-cbd-what-we-know-and-what-we-dont-2018082414476,"['Science', 'chronic', 'low-grade inflammation', 'silent killer', 'cardiovascular disease', 'cancer', 'type 2 diabetes', 'fight inflammation', 'stay healthy', 'Harvard Medical School experts.', 'health', 'news', 'inbox', 'CBD', 'cannabidiol', 'cannabis', 'marijuana', 'hemp', 'laboratory', 'World Health Organization', 'abuse', 'dependence', 'public health', 'CBD', 'United States', 'legal status', 'FDA', 'regulatory requirements', 'researchers', 'CBD trials', 'Farm Bill', 'hemp', 'legal', 'oranges', 'orange juice.', 'CBD', 'health issues', 'childhood epilepsy syndromes', 'Dravet syndrome', 'Lennox-Gastaut syndrome', 'antiseizure medications', 'reduce seizures', 'stop seizures', 'Epidiolex', 'cannabis-derived medicine', 'FDA', 'CBD', 'nausea', 'fatigue', 'irritability', 'blood thinning', 'liver enzymes', 'Grapefruit', 'CBD', 'oils', 'extracts', 'capsules', 'patches', 'vapes', 'topical preparations', 'inflammation', 'muscle pain', 'joint pain', 'lotion', 'cream', 'bath bomb', 'tincture', 'spray', 'bloodstream', 'CBD', 'government scrutiny', 'cure-all', 'cancer', 'COVID-19', 'research', 'managing anxiety', 'insomnia', 'chronic pain', 'high-quality evidence', 'human studies', 'effective doses', 'unregulated supplement']",
https://www.health.harvard.edu/blog/cannabidiol-cbd-what-we-know-and-what-we-dont-2018082414476,"['Science', 'chronic', 'low-grade inflammation', 'silent killer', 'cardiovascular disease', 'cancer', 'type 2 diabetes', 'simple tips', 'fight inflammation', 'stay healthy', 'Harvard Medical School experts', 'health', 'news', 'inbox', 'CBD', 'cannabidiol', 'cannabis', 'marijuana', 'hemp', 'laboratory', 'World Health Organization', 'abuse', 'dependence', 'public health', 'CBD', 'United States', 'legal status', 'FDA', 'regulatory requirements', 'researchers', 'CBD trials', 'Farm Bill', 'hemp', 'legal', 'oranges', 'orange juice', 'CBD', 'Dravet Syndrome', 'Lennox-Gastaut Syndrome (LGS)', 'antiseizure medications', 'number of seizures', 'Epidiolex', 'cannabis-derived medicine', 'FDA', 'CBD', 'nausea', 'fatigue', 'irritability', 'blood thinning', 'liver enzymes', 'drugs', 'grapefruit', 'CBD', 'oils', 'extracts', 'capsules', 'patches', 'vapes', 'topical preparations', 'inflammation', 'muscle pain', 'joint pain', 'oil', 'lotion', 'cream', 'bath bomb', 'patch', 'tincture', 'spray', 'bloodstream.', 'CBD', 'government scrutiny', 'cure-all', 'cancer', 'COVID-19', 'research', 'managing anxiety', 'insomnia', 'chronic pain', 'high-quality evidence', 'human studies', 'effective doses', 'unregulated supplement']",
"https://www.verywellhealth.com/cbd-oil-and-failing-drug-tests-4580277#:~:text=CBD%20oil%20extracted%20from%20hemp,from%20marijuana%2C%20which%20contains%20THC.","['Cannabis', 'hemp', 'marijuana', 'plants', 'genus', 'varieties', 'marijuana', 'drug test', 'THC', 'urine', 'nanograms per milliliter (ng/ml)', 'positive test.', 'CBD', 'drug test', 'THC', 'full-spectrum', 'low-quality isolate', 'small amount', 'THC', 'CBD', 'drug test', 'cannabis', 'legal', 'CBD oil', 'hemp', 'THC', 'mislabel', 'low-quality oil', 'marijuana', 'marijuana', 'secondhand smoke', 'THC', 'drug test', 'positive test result', 'inhalation', 'heavy pot smokers', 'several hours', 'CBD oil', 'false positive', 'test results', 'THC', 'stomach', 'studies', 'refute']",
"https://www.verywellhealth.com/cbd-oil-and-failing-drug-tests-4580277#:~:text=CBD%20oil%20extracted%20from%20hemp,from%20marijuana%2C%20which%20contains%20THC.","['Cannabis', 'hemp', 'marijuana', 'plants', 'varieties', 'genus', 'marijuana', 'THC', 'urine', 'drug test', 'nanograms', 'milliliter', 'positive test', 'CBD drug test', 'THC', 'full-spectrum', 'low-quality isolate', 'small amount THC', 'THC', 'CBD', 'drug test', 'cannabis', 'cannabis dispensaries', 'legal', 'CBD oil', 'hemp', 'THC', 'mislabel', 'low-quality oil', 'marijuana', 'marijuana', 'secondhand smoke', 'drug test', 'THC', 'smoke', 'positive test result', 'false positive test results', 'CBD oil', 'breakdown', 'small amounts', 'THC', 'stomach', 'studies', 'refute']",
